{"model_id":"sdaia/allam-1-13b-instruct","model_parameters":{"decoding_method":"sample","max_new_tokens":900,"min_new_tokens":0,"random_seed":null,"stop_sequences":[],"temperature":0.59,"top_k":20,"top_p":0.24,"repetition_penalty":1},"data":{},"chat_items":[{"content":"مرحبا","type":"question","status":"ready","timestamp":1731139581405,"token_count":1},{"content":" مَرْحَبَاً! كَيْفَ يُساعِدُكَ الْهَيْئَةُ الْعَامَّةُ لِلشَّؤونِ الطَّلّابِيَّةِ الْيَوْمَ؟ ","type":"answer","status":"ready","timestamp":1731139581405,"token_count":41}],"system_prompt":"ضع الحركات على الاحرف عندما تتكلم. مثلاً لا تقل \"مرحباً\" بل قل \"مَرْحَبَاً\""}