{"metadata":{"name":"7arakat Model","description":"","asset_type":"wx_prompt","origin_country":"us","resource_key":"baa005de130a0a2ec982a912d1b032e1014efba8ebbf180a9e915809f91a4836"},"entity":{"wx_prompt":{"input_mode":"chat","is_template":false},"location_definition":{"physical_location_code_assignment_method":"INFERRED","physical_location_code":"FRA","physical_location_code_assigned_by":"IBMid-550006HB62","physical_location_code_added_on":"1731139966855","physical_location_code_rds_version":"00002024-1014-4043-8656-991738000000_4","physical_location_code_rds_id":"c57cb90f-2126-3800-9c9f-9eab82021cdf"},"modelfacts_system":{"model_information":{"fm_id":"sdaia/allam-1-13b-instruct"},"training_information":{},"project_details":{"environment_type":"development","is_environmenttype_openscale_value":false,"is_imported_model":false},"model_identity_information":{"model_identity_key":"baa005de130a0a2ec982a912d1b032e1014efba8ebbf180a9e915809f91a4836"}},"modelfacts_user":{}},"attachments":[{"id":"1d744527-9cda-4b93-a34a-d45f6a46a4eb","version":2,"asset_type":"wx_prompt","name":"7arakatModel.json","mime":"application/json","datasource_type":"193a97c1-4475-4a19-b90c-295c4fdc6517","object_key":"wx_prompt/7arakatModel__da__f5jluw7tto.json","creator_id":"IBMid-550006HB62","create_time":1731139966859,"size":784,"is_remote":false,"is_managed":false,"is_referenced":true,"is_object_key_read_only":false,"is_user_provided_path_key":true,"transfer_complete":true,"is_partitioned":false,"complete_time_ticks":1731139966859,"user_data":{},"test_doc":0,"handle":{"bucket":"theintelligentteacher-donotdelete-pr-t6j3vkahybudy7","location":"eu-de","type":"bluemix_cos","key":"wx_prompt/7arakatModel__da__f5jluw7tto.json","upload_id":"done","max_part_num":1},"usage":{"access_count":0,"last_accessor_id":"IBMid-550006HB62","last_access_time":1731139966859}}]}
